{
  "accuracy": 16.884615384615383,
  "precision": 27.326068371660284,
  "recall": 16.88461538461538,
  "f1": 15.387402069951465,
  "loss": 3.1643188363168298
}