{
  "mean": 2.303286075592041,
  "std": 0.1095588430762291
}