{
  "Actinic keratosis": {
    "mean": 1.9695518016815186,
    "std": 0.18150345981121063
  },
  "Basal cell carcinoma": {
    "mean": 2.0173676013946533,
    "std": 0.19822216033935547
  },
  "Benign keratosis (HAM)": {
    "mean": 1.9913409948349,
    "std": 0.15618427097797394
  },
  "Dermatofibroma": {
    "mean": 2.203489065170288,
    "std": 0.2852381467819214
  },
  "Melanoma (BCN)": {
    "mean": 2.19456148147583,
    "std": 0.23805315792560577
  },
  "Melanoma (HAM)": {
    "mean": 2.0720391273498535,
    "std": 0.25885871052742004
  },
  "Melanoma metastasis": {
    "mean": 2.126615524291992,
    "std": 0.20297150313854218
  },
  "Nevus": {
    "mean": 1.8464219570159912,
    "std": 0.14202843606472015
  },
  "Scar": {
    "mean": 2.0303454399108887,
    "std": 0.22572611272335052
  },
  "Seborrheic keratosis": {
    "mean": 2.1298670768737793,
    "std": 0.2685478627681732
  },
  "Solar lentigo": {
    "mean": 1.9017150402069092,
    "std": 0.2182277888059616
  },
  "Squamous cell carcinoma": {
    "mean": 2.0560290813446045,
    "std": 0.20343977212905884
  },
  "Vascular lesion": {
    "mean": 2.145768642425537,
    "std": 0.1867711842060089
  }
}