{
  "mean": 3.736778974533081,
  "std": 0.1717749834060669
}