{
  "Actinic keratosis": {
    "mean": 2.9608705043792725,
    "std": 0.4184025228023529
  },
  "Basal cell carcinoma": {
    "mean": 2.9328646659851074,
    "std": 0.24180957674980164
  },
  "Benign keratosis (HAM)": {
    "mean": 2.8498711585998535,
    "std": 0.1914803683757782
  },
  "Dermatofibroma": {
    "mean": 2.9792799949645996,
    "std": 0.42534002661705017
  },
  "Melanoma (BCN)": {
    "mean": 3.1398138999938965,
    "std": 0.2406967580318451
  },
  "Melanoma (HAM)": {
    "mean": 2.8675243854522705,
    "std": 0.2298828512430191
  },
  "Melanoma metastasis": {
    "mean": 3.3006176948547363,
    "std": 0.44016557931900024
  },
  "Nevus": {
    "mean": 2.8386340141296387,
    "std": 0.3042435050010681
  },
  "Scar": {
    "mean": 2.9504566192626953,
    "std": 0.3867635428905487
  },
  "Seborrheic keratosis": {
    "mean": 3.269545316696167,
    "std": 0.2057107388973236
  },
  "Solar lentigo": {
    "mean": 2.7249608039855957,
    "std": 0.2539907693862915
  },
  "Squamous cell carcinoma": {
    "mean": 3.084185838699341,
    "std": 0.48026490211486816
  },
  "Vascular lesion": {
    "mean": 2.7797393798828125,
    "std": 0.2571326196193695
  }
}