{
  "mean": 2.9046242237091064,
  "std": 0.4583930969238281
}