{
  "Actinic keratosis": {
    "mean": 2.4712345600128174,
    "std": 0.23305930197238922
  },
  "Basal cell carcinoma": {
    "mean": 2.59863018989563,
    "std": 0.16909019649028778
  },
  "Benign keratosis (HAM)": {
    "mean": 2.0735535621643066,
    "std": 0.21018020808696747
  },
  "Dermatofibroma": {
    "mean": 2.0819506645202637,
    "std": 0.19463340938091278
  },
  "Melanoma (BCN)": {
    "mean": 2.084562301635742,
    "std": 0.15159814059734344
  },
  "Melanoma (HAM)": {
    "mean": 2.0712318420410156,
    "std": 0.1700374335050583
  },
  "Melanoma metastasis": {
    "mean": 2.6957430839538574,
    "std": 0.298772394657135
  },
  "Nevus": {
    "mean": 2.3101003170013428,
    "std": 0.28599074482917786
  },
  "Scar": {
    "mean": 2.44987416267395,
    "std": 0.17763525247573853
  },
  "Seborrheic keratosis": {
    "mean": 2.1130716800689697,
    "std": 0.17655396461486816
  },
  "Solar lentigo": {
    "mean": 2.243462324142456,
    "std": 0.15936751663684845
  },
  "Squamous cell carcinoma": {
    "mean": 2.2409377098083496,
    "std": 0.2028648853302002
  },
  "Vascular lesion": {
    "mean": 1.3358919620513916,
    "std": 0.07071078568696976
  }
}