{
  "accuracy": 14.076923076923077,
  "precision": 17.996199315331758,
  "recall": 14.076923076923078,
  "f1": 11.920620800354333,
  "loss": 3.3485756087593916
}