{
  "model": "prebuilt_gan",
  "timestamp": "20251125_192951",
  "classification": {
    "accuracy": 14.076923076923077,
    "precision": 17.996199315331758,
    "recall": 14.076923076923078,
    "f1": 11.920620800354333,
    "loss": 3.3485756087593916
  },
  "fid": 217.4932376115157,
  "is": {
    "mean": 1.7174932956695557,
    "std": 0.18394699692726135
  },
  "lpips": 0.6505394819245517
}