{
  "model": "conditional_diffusion",
  "timestamp": "20251125_211432",
  "classification": {
    "accuracy": 16.884615384615383,
    "precision": 27.326068371660284,
    "recall": 16.88461538461538,
    "f1": 15.387402069951465,
    "loss": 3.1643188363168298
  },
  "fid": 189.70104801139814,
  "is": {
    "mean": 2.303286075592041,
    "std": 0.1095588430762291
  },
  "lpips": 0.7386608122518014
}