{
  "model": "cgan",
  "timestamp": "20251125_192908",
  "classification": {
    "accuracy": 25.076923076923077,
    "precision": 24.459317861417627,
    "recall": 25.07692307692308,
    "f1": 20.389864296111007,
    "loss": 3.770403518909361
  },
  "fid": 231.97651515454265,
  "is": {
    "mean": 2.9046242237091064,
    "std": 0.4583930969238281
  },
  "lpips": 0.6640060888164133
}