{
  "accuracy": 18.26923076923077,
  "precision": 27.358335356018053,
  "recall": 18.269230769230766,
  "f1": 14.68858408780428,
  "loss": 4.162686376309976
}