{
  "Actinic keratosis": {
    "precision": 12.676056338028168,
    "recall": 13.5,
    "f1": 13.075060532687651,
    "support": 200
  },
  "Basal cell carcinoma": {
    "precision": 12.631578947368421,
    "recall": 54.0,
    "f1": 20.4739336492891,
    "support": 200
  },
  "Benign keratosis (HAM)": {
    "precision": 50.0,
    "recall": 1.0,
    "f1": 1.9607843137254901,
    "support": 200
  },
  "Dermatofibroma": {
    "precision": 12.048192771084338,
    "recall": 5.0,
    "f1": 7.06713780918728,
    "support": 200
  },
  "Melanoma (BCN)": {
    "precision": 23.595505617977526,
    "recall": 21.0,
    "f1": 22.22222222222222,
    "support": 200
  },
  "Melanoma (HAM)": {
    "precision": 80.0,
    "recall": 2.0,
    "f1": 3.902439024390244,
    "support": 200
  },
  "Melanoma metastasis": {
    "precision": 17.575757575757574,
    "recall": 28.999999999999996,
    "f1": 21.88679245283019,
    "support": 200
  },
  "Nevus": {
    "precision": 21.217391304347828,
    "recall": 61.0,
    "f1": 31.483870967741932,
    "support": 200
  },
  "Scar": {
    "precision": 13.636363636363635,
    "recall": 7.5,
    "f1": 9.67741935483871,
    "support": 200
  },
  "Seborrheic keratosis": {
    "precision": 15.384615384615385,
    "recall": 9.0,
    "f1": 11.35646687697161,
    "support": 200
  },
  "Solar lentigo": {
    "precision": 11.11111111111111,
    "recall": 0.5,
    "f1": 0.9569377990430622,
    "support": 200
  },
  "Squamous cell carcinoma": {
    "precision": 20.833333333333336,
    "recall": 2.5,
    "f1": 4.464285714285714,
    "support": 200
  },
  "Vascular lesion": {
    "precision": 64.94845360824742,
    "recall": 31.5,
    "f1": 42.42424242424242,
    "support": 200
  }
}