{
  "accuracy": 25.076923076923077,
  "precision": 24.459317861417627,
  "recall": 25.07692307692308,
  "f1": 20.389864296111007,
  "loss": 3.770403518909361
}