{
  "mean": 1.7174932956695557,
  "std": 0.18394699692726135
}