{
  "Actinic keratosis": {
    "mean": 1.5384674072265625,
    "std": 0.09680795669555664
  },
  "Basal cell carcinoma": {
    "mean": 1.4747583866119385,
    "std": 0.08213255554437637
  },
  "Benign keratosis (HAM)": {
    "mean": 1.258357048034668,
    "std": 0.058973703533411026
  },
  "Dermatofibroma": {
    "mean": 1.0444996356964111,
    "std": 0.007079592440277338
  },
  "Melanoma (BCN)": {
    "mean": 1.5526739358901978,
    "std": 0.08391246199607849
  },
  "Melanoma (HAM)": {
    "mean": 1.4689563512802124,
    "std": 0.08157384395599365
  },
  "Melanoma metastasis": {
    "mean": 1.3120214939117432,
    "std": 0.06952538341283798
  },
  "Nevus": {
    "mean": 1.5379668474197388,
    "std": 0.06411844491958618
  },
  "Scar": {
    "mean": 1.5134222507476807,
    "std": 0.08003726601600647
  },
  "Seborrheic keratosis": {
    "mean": 1.5034857988357544,
    "std": 0.08158423751592636
  },
  "Solar lentigo": {
    "mean": 1.4009130001068115,
    "std": 0.07874905318021774
  },
  "Squamous cell carcinoma": {
    "mean": 1.4996733665466309,
    "std": 0.07482118159532547
  },
  "Vascular lesion": {
    "mean": 1.0554192066192627,
    "std": 0.010968423448503017
  }
}