{
  "model": "prebuilt_diffusion",
  "timestamp": "20251125_193016",
  "classification": {
    "accuracy": 18.26923076923077,
    "precision": 27.358335356018053,
    "recall": 18.269230769230766,
    "f1": 14.68858408780428,
    "loss": 4.162686376309976
  },
  "fid": 207.36123805158235,
  "is": {
    "mean": 3.736778974533081,
    "std": 0.1717749834060669
  },
  "lpips": 0.7169312582212751
}